,genre,emotion,track_id,title,artist,Unnamed: 0,url
0,electronic,angry,94,Flying,Solar Cycle,89.0,https://soundcloud.com/hn-masinari/flying
1,pop,angry,31,Fountain Street,Mercy Machine,30.0,https://soundcloud.com/long-duong-625546591/fountain-street
2,rock,angry,73,World,William Brooks,69.0,https://soundcloud.com/quan-fuji/world
3,rock,angry,76,Hideaway,William Brooks,66.0,https://soundcloud.com/quan-fuji/hideaway-1
4,rock,angry,76,Hideaway,William Brooks,72.0,https://soundcloud.com/quan-fuji/hideaway
5,rock,angry,90,Didn't You Know?,Greg Annussek,86.0,https://soundcloud.com/quan-fuji/didnt-you-know
6,pop,angry,52,Slipping into Violet,Norine Braun,50.0,https://soundcloud.com/long-duong-625546591/slipping-into-violet
7,pop,angry,66,Give Me Love,Norine Braun,56.0,https://soundcloud.com/long-duong-625546591/give-me-love-1
8,pop,angry,66,Give Me Love,Norine Braun,63.0,https://soundcloud.com/long-duong-625546591/give-me-love
9,pop,angry,53,Wounded Little Bird,Norine Braun,51.0,https://soundcloud.com/long-duong-625546591/wounded-little-bird-1
10,pop,angry,53,Wounded Little Bird,Norine Braun,70.0,https://soundcloud.com/long-duong-625546591/wounded-little-bird
11,electronic,angry,95,Easter,Solar Cycle,90.0,https://soundcloud.com/hn-masinari/easter
12,rock,angry,55,Crown Of Thorns,Shawn Harris,52.0,https://soundcloud.com/quan-fuji/crown-of-thorns
13,pop,angry,11,Fountain of Life (Lean On It Mix) - DJ Anser,Artemis,11.0,https://soundcloud.com/long-duong-625546591/fountain-of-life-lean-on-it
14,rock,angry,57,Making Circles,The Seldon Plan,54.0,https://soundcloud.com/quan-fuji/making-circles
15,electronic,angry,49,Where the Earth Is,The Rapture,47.0,https://soundcloud.com/hn-masinari/where-the-earth-is
16,rock,angry,58,A Rhyming Dictionary,The Seldon Plan,55.0,https://soundcloud.com/quan-fuji/a-rhyming-dictionary
17,rock,angry,60,Jazz House,Wicked Allstars,57.0,https://soundcloud.com/quan-fuji/jazz-house
18,classical,angry,82,Intermezzo in E flat Major Opus 117 No.1 (Johannes Brahms),Ivan Ilic,72.0,https://soundcloud.com/user77075486/intermezzo-in-e-flat-major
19,rock,angry,71,Underside,Lie Big,67.0,https://soundcloud.com/quan-fuji/underside
20,electronic,angry,98,Smooth Guitar,Solar Cycle,93.0,https://soundcloud.com/hn-masinari/smooth-guitar
21,pop,angry,10,A Moment too Soon,Hazelmain,10.0,https://soundcloud.com/long-duong-625546591/a-moment-too-soon
23,electronic,angry,38,Lost,Etherine,36.0,https://soundcloud.com/hn-masinari/lost
24,pop,angry,73,Wounded Little Bird,Norine Braun,51.0,https://soundcloud.com/long-duong-625546591/wounded-little-bird-1
25,pop,angry,73,Wounded Little Bird,Norine Braun,70.0,https://soundcloud.com/long-duong-625546591/wounded-little-bird
26,electronic,angry,52,Down Low,mr Epic,50.0,https://soundcloud.com/hn-masinari/down-low
27,electronic,angry,53,ting,Mr Gelatine,51.0,https://soundcloud.com/hn-masinari/ting
28,electronic,angry,56,Insomnia,Processor,54.0,https://soundcloud.com/hn-masinari/insomnia
30,electronic,angry,13,7 Nine Skank,Burning Babylon,12.0,https://soundcloud.com/hn-masinari/7-nine-skank
31,electronic,angry,12,moments of clarity,Joram,11.0,https://soundcloud.com/hn-masinari/moments-of-clarity
32,classical,happy,68,Alysoun,John Fleagle,60.0,https://soundcloud.com/user77075486/alysoun
33,classical,happy,76,Premier Concert - Coulicam (Rameau),Maryse Carlin,66.0,https://soundcloud.com/user77075486/premier-concert-coulicam
34,classical,happy,91,Prelude: Suite In G Minor: Le Cinquieme Livre De Pieces De Viole (1725),Ralph Rousseau Meulenbroeks,81.0,https://soundcloud.com/user77075486/prelude-suite-in-g-minor-le
35,classical,happy,88,Chopin Prelude In G Sharp Minor Opus 28,Ivan Ilic,78.0,https://soundcloud.com/user77075486/chopin-prelude-in-g-sharp
36,classical,happy,86,Capriccio in G minor Opus 116 No.3 (Johannes Brahms),Ivan Ilic,76.0,https://soundcloud.com/user77075486/capriccio-in-g-minor-opus-116
37,classical,happy,85,Aria Nona (Marco Uccellini),Altri Stromenti,75.0,https://soundcloud.com/user77075486/aria-nona-marco-uccellini
38,classical,happy,84,Toccata XX,Paul Beier,74.0,https://soundcloud.com/user77075486/toccata-xx
39,classical,happy,82,Intermezzo in E flat Major Opus 117 No.1 (Johannes Brahms),Ivan Ilic,72.0,https://soundcloud.com/user77075486/intermezzo-in-e-flat-major
40,electronic,happy,47,Spirit Walker,Kenji Williams,45.0,https://soundcloud.com/hn-masinari/spirit-walker
41,electronic,happy,51,Click Here,Mijo,49.0,https://soundcloud.com/hn-masinari/click-here
42,electronic,happy,52,Down Low,mr Epic,50.0,https://soundcloud.com/hn-masinari/down-low
43,electronic,happy,39,BeatKnick,Glen Bledsoe,37.0,https://soundcloud.com/hn-masinari/beatknick
44,classical,happy,73,Chopin Prelude In C Major Opus 28,Ivan Ilic,64.0,https://soundcloud.com/user77075486/chopin-prelude-in-c-major-opus
46,classical,happy,69,More Palatino (Jan Pieterszoon Sweelinck),JungHae Kim,61.0,https://soundcloud.com/user77075486/more-palatino-jan-pieterszoon
47,electronic,happy,69,Sunlight,Solar Cycle,67.0,https://soundcloud.com/hn-masinari/sunlight
48,classical,happy,64,Sonata III in C major - Fuga da capella,Musica Franca,56.0,https://soundcloud.com/user77075486/sonata-iii-in-c-major-fuga-da
49,electronic,happy,75,Untitled,Strojovna 07,73.0,https://soundcloud.com/hn-masinari/untitled
50,electronic,happy,89,Soul Captain,Kenji Williams,84.0,https://soundcloud.com/hn-masinari/soul-captain
51,electronic,happy,91,Cafe del Soul,Solar Cycle,86.0,https://soundcloud.com/hn-masinari/cafe-del-soul
52,classical,happy,94,La Maltese (Mauritio Cazzati),Altri Stromenti,83.0,https://soundcloud.com/user77075486/la-maltese-mauritio-cazzati
53,electronic,happy,31,Manteia,DJ Markitos,29.0,https://soundcloud.com/hn-masinari/manteia
54,electronic,happy,100,Shura Remix (Deadpan Escapement vinyl only release),Mantic,95.0,https://soundcloud.com/hn-masinari/shura-remix-deadpan-escapement
55,rock,happy,71,Underside,Lie Big,67.0,https://soundcloud.com/quan-fuji/underside
56,rock,happy,42,Stay Evil,Mountain Mirrors,39.0,https://soundcloud.com/quan-fuji/stay-evil
57,rock,happy,41,A Short Burst of Clarity,Mountain Mirrors,38.0,https://soundcloud.com/quan-fuji/a-short-burst-of-clarity
58,rock,happy,56,Come Out Baby,Big Bad Sun,53.0,https://soundcloud.com/quan-fuji/come-out-baby
59,rock,happy,57,Making Circles,The Seldon Plan,54.0,https://soundcloud.com/quan-fuji/making-circles
60,rock,happy,61,Pressure,Wicked boy,58.0,https://soundcloud.com/quan-fuji/pressure
61,rock,happy,35,Lunar Ecstasy,Mountain Mirrors,32.0,https://soundcloud.com/quan-fuji/lunar-ecstasy
62,rock,happy,64,Grace,William Brooks,61.0,https://soundcloud.com/quan-fuji/grace
64,rock,happy,77,Another time,Barbara Leoni,73.0,https://soundcloud.com/quan-fuji/another-time
65,classical,happy,99,Triosonate fur Flute Violine und Basso - Dolce (Telemann),Telemann Trio Berlin,88.0,https://soundcloud.com/user77075486/triosonate-fur-flute-violine
66,rock,happy,78,Uncommon eloquence,Shane Jackman,74.0,https://soundcloud.com/quan-fuji/uncommon-eloquence
67,rock,happy,83,Set fire to the city,Shane Jackman,79.0,https://soundcloud.com/quan-fuji/set-fire-to-the-city
68,rock,happy,85,In the Movies,Greg Annussek,81.0,https://soundcloud.com/quan-fuji/in-the-movies
69,rock,happy,96,Maybe Meagan,William Brooks,92.0,https://soundcloud.com/quan-fuji/maybe-meagan
70,electronic,happy,5,Eye Heart Knot,General Fuzz,4.0,https://soundcloud.com/hn-masinari/eye-heart-knot
71,electronic,happy,18,Distant Activity,Adam Fielding,17.0,https://soundcloud.com/hn-masinari/distant-activity
72,electronic,happy,23,Talk Box,Mantic,21.0,https://soundcloud.com/hn-masinari/talk-box
73,electronic,happy,26,Hans Christian : Desperado,DJ Cary,24.0,https://soundcloud.com/hn-masinari/hans-christian-desperado
74,electronic,happy,99,Viento,Solar Cycle,94.0,https://soundcloud.com/hn-masinari/viento
75,rock,happy,45,Gold and rose,Myles Cochran,42.0,https://soundcloud.com/quan-fuji/gold-and-rose
77,pop,happy,58,Unemotional,Self Delusion,55.0,https://soundcloud.com/long-duong-625546591/unemotional
78,pop,happy,94,Cruel Streak,Norine Braun,91.0,https://soundcloud.com/long-duong-625546591/cruel-streak
79,pop,happy,75,Clean For Free,Arthur Yoria,72.0,https://soundcloud.com/long-duong-625546591/clean-for-free
80,pop,happy,34,The lonely minstrel part 1 (edited version),Minstrel Spirit,33.0,https://soundcloud.com/long-duong-625546591/the-lonely-minstrel-part-1
81,pop,happy,44,Calling,The Kokoon,43.0,https://soundcloud.com/long-duong-625546591/calling
82,pop,happy,74,In The Middle,Beight,71.0,https://soundcloud.com/long-duong-625546591/in-the-middle
83,pop,happy,73,Wounded Little Bird,Norine Braun,51.0,https://soundcloud.com/long-duong-625546591/wounded-little-bird-1
84,pop,happy,73,Wounded Little Bird,Norine Braun,70.0,https://soundcloud.com/long-duong-625546591/wounded-little-bird
85,pop,happy,64,Just My Luck,C Layne,61.0,https://soundcloud.com/long-duong-625546591/just-my-luck
86,pop,happy,62,Parallels,Beight,59.0,https://soundcloud.com/long-duong-625546591/parallels
87,pop,happy,50,River of Light,Michael Joy,48.0,https://soundcloud.com/long-duong-625546591/river-of-light
89,pop,happy,25,Brilliant Day,Lisa DeBenedictis,24.0,https://soundcloud.com/long-duong-625546591/brilliant-day
90,pop,happy,55,There Once Was A Time,Sun Palace,52.0,https://soundcloud.com/long-duong-625546591/there-once-was-a-time
91,classical,happy,41,Sonata III in d minor (Allegro:Moderato),Ensemble Mirable,34.0,https://soundcloud.com/user77075486/sonata-iii-in-d-minor-allegro
92,pop,happy,12,Invisible City,Beight,12.0,https://soundcloud.com/long-duong-625546591/invisible-city
93,rock,happy,6,Shattered,Russ Hopkins,5.0,https://soundcloud.com/quan-fuji/shattered
94,classical,happy,49,Stabat Mater (Antonio Vivaldi),Bezdin Ensemble,41.0,https://soundcloud.com/user77075486/stabat-mater-antonio-vivaldi
95,classical,happy,18,22 - Sonata No. 2 in G major Op. 50 - Allemanda (allegro),Musica Franca,16.0,https://soundcloud.com/user77075486/22-sonata-no-2-in-g-major-op
96,classical,happy,100,Partia No 5 - Intrada (Biber),The Sarasa Ensemble,89.0,https://soundcloud.com/user77075486/partia-no-5-intrada-biber
97,rock,happy,13,Alone with Nothing,Brad Senne,11.0,https://soundcloud.com/quan-fuji/alone-with-nothing
98,rock,happy,28,Before you know it,Tom Paul,26.0,https://soundcloud.com/quan-fuji/before-you-know-it
100,electronic,happy,60,Odysseia,Shiva in Exile,58.0,https://soundcloud.com/hn-masinari/odysseia
101,classical,happy,1,Trio Sonata in C Major BWV 529-2. Largo (JS Bach),Voices of Music,0.0,https://soundcloud.com/user77075486/trio-sonata-in-c-major-bwv-529
102,classical,happy,60,Chopin Prelude In B Minor Opus 28,Ivan Ilic,52.0,https://soundcloud.com/user77075486/chopin-prelude-in-b-minor-opus
103,classical,happy,24,Fandango (Luigi Boccherini),Bezdin Ensemble,21.0,https://soundcloud.com/user77075486/fandango-luigi-boccherini
104,electronic,happy,12,moments of clarity,Joram,11.0,https://soundcloud.com/hn-masinari/moments-of-clarity
105,electronic,neutral,53,ting,Mr Gelatine,51.0,https://soundcloud.com/hn-masinari/ting
106,electronic,neutral,97,Night to Remember,Solar Cycle,92.0,https://soundcloud.com/hn-masinari/night-to-remember
107,pop,neutral,78,Handshake Smiles,Arthur Yoria,75.0,https://soundcloud.com/long-duong-625546591/handshake-smiles
108,electronic,neutral,54,Plethora,MRDC,52.0,https://soundcloud.com/hn-masinari/plethora
110,electronic,neutral,66,Rebirth,Solace,64.0,https://soundcloud.com/hn-masinari/rebirth
111,pop,neutral,68,Night Flight Over Water,Michael Joy,65.0,https://soundcloud.com/long-duong-625546591/night-flight-over-water
112,pop,neutral,75,Clean For Free,Arthur Yoria,72.0,https://soundcloud.com/long-duong-625546591/clean-for-free
113,classical,neutral,39,Sinfonia in La Maggiore (Luigi Boccherini),Bezdin Ensemble,32.0,https://soundcloud.com/user77075486/sinfonia-in-la-maggiore-luigi
114,pop,neutral,56,The Collider,C Layne,53.0,https://soundcloud.com/long-duong-625546591/the-collider
115,classical,neutral,54,Phenix - Allegro,Musica Franca,46.0,https://soundcloud.com/user77075486/phenix-allegro-1
116,classical,neutral,54,Phenix - Allegro,Musica Franca,70.0,https://soundcloud.com/user77075486/phenix-allegro
117,pop,neutral,72,Planet You,Lisa DeBenedictis,69.0,https://soundcloud.com/long-duong-625546591/planet-you
118,pop,neutral,88,O Pobre (The Pauper),Anamar,85.0,https://soundcloud.com/long-duong-625546591/o-pobre-the-pauper
119,electronic,neutral,73,Lighting fly,Strojovna 07,71.0,https://soundcloud.com/hn-masinari/lighting-fly
120,pop,neutral,83,Say you Will,Hazelmain,80.0,https://soundcloud.com/long-duong-625546591/say-you-will
121,classical,neutral,24,Fandango (Luigi Boccherini),Bezdin Ensemble,21.0,https://soundcloud.com/user77075486/fandango-luigi-boccherini
122,classical,neutral,80,Phenix - Allegro,Musica Franca,46.0,https://soundcloud.com/user77075486/phenix-allegro-1
123,classical,neutral,80,Phenix - Allegro,Musica Franca,70.0,https://soundcloud.com/user77075486/phenix-allegro
124,classical,neutral,83,Ma belle si ton ame (Gilles Durant de la Bergerie),Orinda,73.0,https://soundcloud.com/user77075486/ma-belle-si-ton-ame-gilles
125,classical,neutral,96,Sonata in G major - Allegro (Juliane Reichardt),Seth Carlin,85.0,https://soundcloud.com/user77075486/sonata-in-g-major-allegro
126,rock,neutral,98,He Should Love Her,Greg Annussek,94.0,https://soundcloud.com/quan-fuji/he-should-love-her
128,pop,neutral,95,Sandy,Arthur Yoria,92.0,https://soundcloud.com/long-duong-625546591/sandy
129,rock,neutral,56,Come Out Baby,Big Bad Sun,53.0,https://soundcloud.com/quan-fuji/come-out-baby
130,pop,neutral,28,Shining Star Games (Az Egan Csillag Lenni) - Fourstones,Magnatune Remixed,27.0,https://soundcloud.com/long-duong-625546591/shining-star-games-az-egan
131,pop,neutral,57,Round and Round,Sun Palace,54.0,https://soundcloud.com/long-duong-625546591/round-and-round
132,electronic,neutral,22,Electro Kinetic,Mantic,20.0,https://soundcloud.com/hn-masinari/electro-kinetic
133,classical,neutral,23,Wachet auf ruft uns die Stimme (BWV 140) - Chorus,American Bach Soloists,20.0,https://soundcloud.com/user77075486/wachet-auf-ruft-uns-die-stimme
134,classical,neutral,22,Confitebor (Monteverdi),Altri Stromenti,19.0,https://soundcloud.com/user77075486/confitebor-monteverdi
135,classical,neutral,7,Trio Sonata in D minor-1 Allegro (Telemann),Voices of Music,6.0,https://soundcloud.com/user77075486/trio-sonata-in-d-minor-1
137,classical,neutral,62,Waltz KK IVa no.12 in E major,Janine Johnson,54.0,https://soundcloud.com/user77075486/waltz-kk-iva-no-12-in-e-major
138,classical,neutral,71,Oxenford (Anon),La Primavera,63.0,https://soundcloud.com/user77075486/oxenford-anon
139,rock,neutral,47,Certain Death,Brad Sucks,44.0,https://soundcloud.com/quan-fuji/certain-death
140,classical,neutral,52,La Ritirata Di Madrid (Luigi Boccherini),Bezdin Ensemble,44.0,https://soundcloud.com/user77075486/la-ritirata-di-madrid-luigi
141,classical,neutral,26,Concerto in A Minor for Four Harpsichords BWV 1065: I Allegro,American Bach Soloists,23.0,https://soundcloud.com/user77075486/concerto-in-a-minor-for-four
142,rock,neutral,38,Fluid - Headphones,Magnatune Compilation,35.0,https://soundcloud.com/quan-fuji/fluid-headphones
144,electronic,neutral,28,Sunset (Endless Night Journey remix),DJ Markitos,26.0,https://soundcloud.com/hn-masinari/sunset-endless-night-journey
145,electronic,neutral,88,Free Energy,Kenji Williams,83.0,https://soundcloud.com/hn-masinari/free-energy
146,pop,neutral,23,Till My Cup Runs Over,Four Stones,22.0,https://soundcloud.com/long-duong-625546591/till-my-cup-runs-over
147,pop,neutral,30,Sooner or Later,Hazelmain,29.0,https://soundcloud.com/long-duong-625546591/sooner-or-later
148,pop,neutral,43,Impressions,The Kokoon,42.0,https://soundcloud.com/long-duong-625546591/impressions
149,rock,neutral,73,World,William Brooks,69.0,https://soundcloud.com/quan-fuji/world
150,pop,neutral,77,Fill Me Up,Beight,74.0,https://soundcloud.com/long-duong-625546591/fill-me-up
151,electronic,neutral,55,Mad bull,Processor,53.0,https://soundcloud.com/hn-masinari/mad-bull
152,rock,neutral,35,Lunar Ecstasy,Mountain Mirrors,32.0,https://soundcloud.com/quan-fuji/lunar-ecstasy
153,electronic,neutral,58,Futurengine,Psychetropic,56.0,https://soundcloud.com/hn-masinari/futurengine
154,electronic,neutral,59,Eventide,Saros,57.0,https://soundcloud.com/hn-masinari/eventide
155,electronic,neutral,69,Sunlight,Solar Cycle,67.0,https://soundcloud.com/hn-masinari/sunlight
156,rock,neutral,85,In the Movies,Greg Annussek,81.0,https://soundcloud.com/quan-fuji/in-the-movies
157,rock,neutral,81,Waterfall,Barbara Leoni,77.0,https://soundcloud.com/quan-fuji/waterfall
158,electronic,neutral,57,A Signal from Mars,Professor Armchair,55.0,https://soundcloud.com/hn-masinari/a-signal-from-mars
159,pop,neutral,38,The River,Plunkett,37.0,https://soundcloud.com/long-duong-625546591/the-river
160,classical,neutral,61,Sonata II in D minor - Allegro,Musica Franca,53.0,https://soundcloud.com/user77075486/sonata-ii-in-d-minor-allegro
161,classical,neutral,50,If I were fire,Bezdin Ensemble,42.0,https://soundcloud.com/user77075486/if-i-were-fire
162,rock,sad,72,Long Way Down,Greg Annussek,68.0,https://soundcloud.com/quan-fuji/long-way-down-1
163,rock,sad,72,Long Way Down,Greg Annussek,71.0,https://soundcloud.com/quan-fuji/long-way-down
164,classical,sad,2,21 - Sonata No. 2 in G major Op. 50 - Largo,Musica Franca,1.0,https://soundcloud.com/user77075486/21-sonata-no-2-in-g-major-op
165,rock,sad,93,My heart still beats,Shane Jackman,89.0,https://soundcloud.com/quan-fuji/my-heart-still-beats
166,classical,sad,46,Sonata in C major for oboe and basso continuo after BWV 1035 (adagio ma non tanto),Gonzalo X Ruiz,38.0,https://soundcloud.com/user77075486/sonata-in-c-major-for-oboe-and
167,rock,sad,65,Do You Think He Knows:,William Brooks,62.0,https://soundcloud.com/quan-fuji/do-you-think-he-knows
168,rock,sad,64,Grace,William Brooks,61.0,https://soundcloud.com/quan-fuji/grace
169,classical,sad,87,Prelude (BWV 996),Paul Berget,77.0,https://soundcloud.com/user77075486/prelude-bwv-996
170,rock,sad,51,Permanent,Arthur Yoria,48.0,https://soundcloud.com/quan-fuji/permanent
171,pop,sad,60,Charming Gun (Vibe Me Mix) - Nautilis,Artemis,57.0,https://soundcloud.com/long-duong-625546591/charming-gun-vibe-me-mix
172,pop,sad,50,River of Light,Michael Joy,48.0,https://soundcloud.com/long-duong-625546591/river-of-light
173,rock,sad,32,Rock This Moon,Burnshee Thornside,29.0,https://soundcloud.com/quan-fuji/rock-this-moon
174,pop,sad,57,Round and Round,Sun Palace,54.0,https://soundcloud.com/long-duong-625546591/round-and-round
175,pop,sad,59,Give Me Love,Norine Braun,56.0,https://soundcloud.com/long-duong-625546591/give-me-love-1
176,pop,sad,59,Give Me Love,Norine Braun,63.0,https://soundcloud.com/long-duong-625546591/give-me-love
177,pop,sad,68,Night Flight Over Water,Michael Joy,65.0,https://soundcloud.com/long-duong-625546591/night-flight-over-water
178,pop,sad,76,Home to You,Hazelmain,73.0,https://soundcloud.com/long-duong-625546591/home-to-you
179,pop,sad,32,Bastard,Mercy Machine,31.0,https://soundcloud.com/long-duong-625546591/bastard
180,classical,sad,33,JS Bach: Partita in C minor (Sarabande),Ivan Ilic,26.0,https://soundcloud.com/user77075486/js-bach-partita-in-c-minor
181,electronic,sad,5,Eye Heart Knot,General Fuzz,4.0,https://soundcloud.com/hn-masinari/eye-heart-knot
182,pop,sad,51,Between The Lies,Michael Joy,49.0,https://soundcloud.com/long-duong-625546591/between-the-lies
183,pop,sad,10,A Moment too Soon,Hazelmain,10.0,https://soundcloud.com/long-duong-625546591/a-moment-too-soon
184,rock,sad,100,Mr. Myers,Greg Annussek,96.0,https://soundcloud.com/quan-fuji/mr-myers
185,rock,sad,88,You barely see me,William Brooks,84.0,https://soundcloud.com/quan-fuji/you-barely-see-me
186,rock,sad,90,Didn't You Know?,Greg Annussek,86.0,https://soundcloud.com/quan-fuji/didnt-you-know
187,rock,sad,81,Waterfall,Barbara Leoni,77.0,https://soundcloud.com/quan-fuji/waterfall
189,pop,sad,92,Lillas,Hazelmain,89.0,https://soundcloud.com/long-duong-625546591/lillas
190,pop,sad,81,Jimmy's Rig,Arthur Yoria,78.0,https://soundcloud.com/long-duong-625546591/jimmys-rig
191,pop,sad,64,Just My Luck,C Layne,61.0,https://soundcloud.com/long-duong-625546591/just-my-luck
193,classical,sad,37,Come again: sweet love doth now invite (John Dowland),Edward Martin and William Bastian,30.0,https://soundcloud.com/user77075486/come-again-sweet-love-doth-now
194,pop,sad,100,The One That Got Away,Norine Braun,97.0,https://soundcloud.com/long-duong-625546591/the-one-that-got-away
195,classical,sad,77,Chopin Prelude In A Flat Major Opus 28,Ivan Ilic,67.0,https://soundcloud.com/user77075486/chopin-prelude-in-a-flat-major
196,rock,sad,18,Moonsong,Shane Jackman,16.0,https://soundcloud.com/quan-fuji/moonsong
197,rock,sad,46,Just Like You,Arthur Yoria,43.0,https://soundcloud.com/quan-fuji/just-like-you
198,classical,sad,96,Sonata in G major - Allegro (Juliane Reichardt),Seth Carlin,85.0,https://soundcloud.com/user77075486/sonata-in-g-major-allegro
199,classical,surprise,61,Sonata II in D minor - Allegro,Musica Franca,53.0,https://soundcloud.com/user77075486/sonata-ii-in-d-minor-allegro
200,rock,surprise,85,In the Movies,Greg Annussek,81.0,https://soundcloud.com/quan-fuji/in-the-movies
201,pop,surprise,87,Get What You Want?,Beight,84.0,https://soundcloud.com/long-duong-625546591/get-what-you-want
202,pop,surprise,46,Enertia,TranceVision,45.0,https://soundcloud.com/long-duong-625546591/enertia
203,electronic,surprise,90,Flare,Solar Cycle,85.0,https://soundcloud.com/hn-masinari/flare
204,classical,surprise,65,Trouble fete (Gorner),Janine Johnson,57.0,https://soundcloud.com/user77075486/trouble-fete-gorner
205,pop,surprise,18,Call me Snake (Dr Kuch),DJ Cary,18.0,https://soundcloud.com/long-duong-625546591/call-me-snake-dr-kuch
206,classical,surprise,12,Trio Sonata in D minor-3. Allegro (Telemann),Voices of Music,11.0,https://soundcloud.com/user77075486/trio-sonata-in-d-minor-3
207,classical,surprise,94,La Maltese (Mauritio Cazzati),Altri Stromenti,83.0,https://soundcloud.com/user77075486/la-maltese-mauritio-cazzati
208,electronic,surprise,66,Rebirth,Solace,64.0,https://soundcloud.com/hn-masinari/rebirth
209,electronic,surprise,23,Talk Box,Mantic,21.0,https://soundcloud.com/hn-masinari/talk-box
210,rock,surprise,42,Stay Evil,Mountain Mirrors,39.0,https://soundcloud.com/quan-fuji/stay-evil
211,classical,surprise,24,Fandango (Luigi Boccherini),Bezdin Ensemble,21.0,https://soundcloud.com/user77075486/fandango-luigi-boccherini
212,classical,surprise,10,Carnaval Opus 9 - Preambule,Cary Chow,9.0,https://soundcloud.com/user77075486/carnaval-opus-9-preambule
213,classical,surprise,86,Capriccio in G minor Opus 116 No.3 (Johannes Brahms),Ivan Ilic,76.0,https://soundcloud.com/user77075486/capriccio-in-g-minor-opus-116
214,rock,surprise,89,Haunted,Barbara Leoni,85.0,https://soundcloud.com/quan-fuji/haunted
215,classical,surprise,84,Toccata XX,Paul Beier,74.0,https://soundcloud.com/user77075486/toccata-xx
216,electronic,surprise,67,Paradise lost,Solace,65.0,https://soundcloud.com/hn-masinari/paradise-lost
217,classical,surprise,19,Sonata BWV 1027 in G major: adagio,Ralph Rousseau Meulenbroeks,17.0,https://soundcloud.com/user77075486/sonata-bwv-1027-in-g-major
218,classical,surprise,81,Sonata IV in B-flat major - Bruit de chasse,Musica Franca,71.0,https://soundcloud.com/user77075486/sonata-iv-in-b-flat-major
219,rock,surprise,58,A Rhyming Dictionary,The Seldon Plan,55.0,https://soundcloud.com/quan-fuji/a-rhyming-dictionary
220,classical,surprise,49,Stabat Mater (Antonio Vivaldi),Bezdin Ensemble,41.0,https://soundcloud.com/user77075486/stabat-mater-antonio-vivaldi
221,classical,surprise,62,Waltz KK IVa no.12 in E major,Janine Johnson,54.0,https://soundcloud.com/user77075486/waltz-kk-iva-no-12-in-e-major
222,classical,surprise,58,If I were emperor,Bezdin Ensemble,50.0,https://soundcloud.com/user77075486/if-i-were-emperor
223,rock,surprise,15,Talk,The Union Trade,13.0,https://soundcloud.com/quan-fuji/talk
224,classical,surprise,23,Wachet auf ruft uns die Stimme (BWV 140) - Chorus,American Bach Soloists,20.0,https://soundcloud.com/user77075486/wachet-auf-ruft-uns-die-stimme
225,classical,surprise,16,Chopin Prelude In G Minor Opus 28,Ivan Ilic,15.0,https://soundcloud.com/user77075486/chopin-prelude-in-g-minor-opus
226,rock,surprise,19,Of the Lovely,Arthur Yoria,17.0,https://soundcloud.com/quan-fuji/of-the-lovely
227,classical,surprise,22,Confitebor (Monteverdi),Altri Stromenti,19.0,https://soundcloud.com/user77075486/confitebor-monteverdi
229,rock,surprise,8,Self Possession,The Union Trade,7.0,https://soundcloud.com/quan-fuji/self-possession
231,rock,surprise,16,Sweet Melissa,Big Bad Sun,14.0,https://soundcloud.com/quan-fuji/sweet-melissa
232,electronic,surprise,79,Double trust,Version,77.0,https://soundcloud.com/hn-masinari/double-trust
233,electronic,surprise,77,African Dance,The Headroom Project,75.0,https://soundcloud.com/hn-masinari/african-dance
234,electronic,surprise,76,Push,The Bots,74.0,https://soundcloud.com/hn-masinari/push
235,electronic,surprise,71,Dezert,Strojovna 07,69.0,https://soundcloud.com/hn-masinari/dezert
236,classical,surprise,6,Prelude and Fugue No 13 in F-sharp major,Daniel Ben Pienaar,5.0,https://soundcloud.com/user77075486/prelude-and-fugue-no-13-in-f
237,classical,surprise,7,Trio Sonata in D minor-1 Allegro (Telemann),Voices of Music,6.0,https://soundcloud.com/user77075486/trio-sonata-in-d-minor-1
238,rock,surprise,91,Didn't I,Shane Jackman,87.0,https://soundcloud.com/quan-fuji/didnt-i
239,rock,surprise,44,Juego,Mutandina,41.0,https://soundcloud.com/quan-fuji/juego
240,electronic,surprise,43,Knucklehead,iNTROSPEKT,41.0,https://soundcloud.com/hn-masinari/knucklehead
241,electronic,surprise,39,BeatKnick,Glen Bledsoe,37.0,https://soundcloud.com/hn-masinari/beatknick
242,rock,surprise,40,Encima de Ti,Arthur Yoria,37.0,https://soundcloud.com/quan-fuji/encima-de-ti
243,rock,surprise,48,Try it Like This,William Brooks,45.0,https://soundcloud.com/quan-fuji/try-it-like-this
244,electronic,surprise,19,grey mirrors part 1,the glimmer room,18.0,https://soundcloud.com/hn-masinari/grey-mirrors-part-1
245,pop,surprise,31,Fountain Street,Mercy Machine,30.0,https://soundcloud.com/long-duong-625546591/fountain-street
247,classical,surprise,85,Aria Nona (Marco Uccellini),Altri Stromenti,75.0,https://soundcloud.com/user77075486/aria-nona-marco-uccellini
248,rock,surprise,4,When I Cross The River,Tom Bolton,3.0,https://soundcloud.com/quan-fuji/when-i-cross-the-river
250,classical,surprise,43,Rosenmuller Sonata Teraz a 2 Allegro,Ensemble Vermillian,36.0,https://soundcloud.com/user77075486/rosenmuller-sonata-teraz-a-2
