Name,Genre,Title,Contributing artists
1.mp3,Classical,Trio Sonata in C Major BWV 529-2. Largo (JS Bach),Voices of Music
10.mp3,Classical,Carnaval Opus 9 - Preambule,Cary Chow
100.mp3,Classical,Partia No 5 - Intrada (Biber),The Sarasa Ensemble
11.mp3,Classical,"Biber: Sonata 6 in C Minor (from 8 Sonatas, 1681)",SCD
12.mp3,Classical,Trio Sonata in D minor-3. Allegro (Telemann),Voices of Music
13.mp3,Classical,Chopin Prelude In E Major Opus 28,Ivan Ilic
14.mp3,Classical,Sonata No. 2 BWV 1015 - 1. Dolce (J.S. Bach),Ingrid Matthews and Byron Schenkman
15.mp3,Classical,Sonata No. 4 BWV 1017 - 1. Largo (J.S. Bach),Ingrid Matthews and Byron Schenkman
16.mp3,Classical,Chopin Prelude In G Minor Opus 28,Ivan Ilic
17.mp3,Classical,Intermezzo in E Major Opus 116 No.4 (Johannes Brahms),Ivan Ilic
18.mp3,Classical,22 - Sonata No. 2 in G major Op. 50 - Allemanda (allegro),Musica Franca
19.mp3,Classical,Sonata BWV 1027 in G major: adagio,Ralph Rousseau Meulenbroeks
2.mp3,Classical,21 - Sonata No. 2 in G major Op. 50 - Largo,Musica Franca
20.mp3,Classical,Set a 5 in C Minor,Oberlin Consort of Viols
21.mp3,Classical,Sonata for Oboe and Bassoc Continuo in G major: Andante (Sammartini),Gonzalo X Ruiz
22.mp3,Classical,Confitebor (Monteverdi),Altri Stromenti
23.mp3,Classical,Wachet auf ruft uns die Stimme (BWV 140) - Chorus,American Bach Soloists
24.mp3,Classical,Fandango (Luigi Boccherini),Bezdin Ensemble
25.mp3,Classical,"Froberger: Toccata III in C Major, 1656",SCD
26.mp3,Classical,Concerto in A Minor for Four Harpsichords BWV 1065: I Allegro,American Bach Soloists
27.mp3,Classical,Kyrie - Allegro moderato,American Bach Soloists
28.mp3,Classical,Oboe Quartet in F (K370) - Allegro,American Baroque
29.mp3,Classical,La Savorgnana (Giovanni Legrenzi),Altri Stromenti
3.mp3,Classical,Sonata for Violoncello and Basso Continuo in Bb: Allegro - RV 43 (Vivaldi),Gonzalo X Ruiz
30.mp3,Classical,Gloria (Antonio Vivaldi),Bezdin Ensemble
31.mp3,Classical,Lenten is come,Briddes Roune
32.mp3,Classical,Sonata Prima Detta La Poggia (Marco Uccellini),Altri Stromenti
33.mp3,Classical,JS Bach: Partita in C minor (Sarabande),Ivan Ilic
34.mp3,Classical,Sonata I Sostenuto,Doc Rossi
35.mp3,Classical,Andreas Christi Sancte Andrea (Cristobal de Morales),Duo Chambure
36.mp3,Classical,Sonata In C Major (Weiss) - Andante,Edward Martin and Paul Berget
37.mp3,Classical,Come again: sweet love doth now invite (John Dowland),Edward Martin and William Bastian
38.mp3,Classical,Prelude (Phalese),Edward Martin
39.mp3,Classical,Sinfonia in La Maggiore (Luigi Boccherini),Bezdin Ensemble
4.mp3,Classical,Handel- Suite in Fa Major (Adagio),Ivan Ilic
40.mp3,Classical,If I were wind I would tempest you,Bezdin Ensemble
41.mp3,Classical,Sonata III in d minor (Allegro:Moderato),Ensemble Mirable
42.mp3,Classical,Sonata 1 (Largo),Ensemble Mirable
43.mp3,Classical,Rosenmuller Sonata Teraz a 2 Allegro,Ensemble Vermillian
44.mp3,Classical,Ballo Del Gran Ducca (Giovanni Battista Buonamente),Altri Stromenti
45.mp3,Classical,Chansons sans paroles (1989) op. 2 Pastorale,Gerard Satamian
46.mp3,Classical,Sonata in C major for oboe and basso continuo after BWV 1035 (adagio ma non tanto),Gonzalo X Ruiz
47.mp3,Classical,Drei Romanzen Op. 94 (Nicht schnell),Gonzalo X Ruiz
48.mp3,Classical,Suite in d minor - Allemande la Loureuse,Hanneke van Proosdij
49.mp3,Classical,Stabat Mater (Antonio Vivaldi),Bezdin Ensemble
5.mp3,Classical,Intermezzo in B flat Minor Opus 117 No.2 (Johannes Brahms),Ivan Ilic
50.mp3,Classical,If I were fire,Bezdin Ensemble
51.mp3,Classical,Anon : Praeter rerum seriem,Jacob Heringman
52.mp3,Classical,La Ritirata Di Madrid (Luigi Boccherini),Bezdin Ensemble
53.mp3,Classical,If I were pope,Bezdin Ensemble
54.mp3,Classical,Phenix - Allegro,Musica Franca
55.mp3,Classical,Avanti Il Quarto Brando (Giovanni Battista Buonamente),Altri Stromenti
56.mp3,Classical,Les Delices de la Solitude Op. 20 - Sonata I in F major - Aria,Musica Franca
57.mp3,Classical,Magnificat (Antonio Vivaldi),Bezdin Ensemble
58.mp3,Classical,If I were emperor,Bezdin Ensemble
59.mp3,Classical,Sinfonia In Re Minore (Luigi Boccherini),Bezdin Ensemble
6.mp3,Classical,Prelude and Fugue No 13 in F-sharp major,Daniel Ben Pienaar
60.mp3,Classical,Chopin Prelude In B Minor Opus 28,Ivan Ilic
61.mp3,Classical,Sonata II in D minor - Allegro,Musica Franca
62.mp3,Classical,Waltz KK IVa no.12 in E major,Janine Johnson
63.mp3,Classical,Intermezzo in E Major Opus 116 No.6 (Johannes Brahms),Ivan Ilic
64.mp3,Classical,Sonata III in C major - Fuga da capella,Musica Franca
65.mp3,Classical,Trouble fete (Gorner),Janine Johnson
66.mp3,Classical,Chopin Prelude In C Sharp Minor Opus 28,Ivan Ilic
67.mp3,Classical,Gagliard Seconda (Giovanni Battista Buonamente),Altri Stromenti
68.mp3,Classical,Alysoun,John Fleagle
69.mp3,Classical,More Palatino (Jan Pieterszoon Sweelinck),JungHae Kim
7.mp3,Classical,Trio Sonata in D minor-1 Allegro (Telemann),Voices of Music
70.mp3,Classical,Suite No 4 in E flat major BWV 815: Allemande,Katherine Roberts Perl
71.mp3,Classical,Oxenford (Anon),La Primavera
72.mp3,Classical,BWV 1041 : I. Allegro,Lara St John
73.mp3,Classical,Chopin Prelude In C Major Opus 28,Ivan Ilic
74.mp3,Classical,BWV 1001 / IV. Presto,Lara St John
75.mp3,Classical,Romance in B Major Opus 28 No.3 (Robert Schumann),Ivan Ilic
76.mp3,Classical,Premier Concert - Coulicam (Rameau),Maryse Carlin
77.mp3,Classical,Chopin Prelude In A Flat Major Opus 28,Ivan Ilic
78.mp3,Classical,Matteis: Ground After the Scotch Humour,Music of the Spheres
79.mp3,Classical,Sonata No. 1 in E minor Op. 50 - Andante,Musica Franca
8.mp3,Classical,Suite in C Major-1 Prelude-Johann Gottfried Conradi,Edward Martin
80.mp3,Classical,Phenix - Allegro,Musica Franca
81.mp3,Classical,Sonata IV in B-flat major - Bruit de chasse,Musica Franca
82.mp3,Classical,Intermezzo in E flat Major Opus 117 No.1 (Johannes Brahms),Ivan Ilic
83.mp3,Classical,Ma belle si ton ame (Gilles Durant de la Bergerie),Orinda
84.mp3,Classical,Toccata XX,Paul Beier
85.mp3,Classical,Aria Nona (Marco Uccellini),Altri Stromenti
86.mp3,Classical,Capriccio in G minor Opus 116 No.3 (Johannes Brahms),Ivan Ilic
87.mp3,Classical,Prelude (BWV 996),Paul Berget
88.mp3,Classical,Chopin Prelude In G Sharp Minor Opus 28,Ivan Ilic
89.mp3,Classical,Romance in F sharp Major Opus 28 No.2 (Robert Schumann),Ivan Ilic
9.mp3,Classical,Sonnerie - from Handel Trio Sonatas,Magnatune Compilation
90.mp3,Classical,WF Bach: Concerto in F Major for 2 Harpsichords (Allegro moderato),Phebe Craig and Katherine Westine
91.mp3,Classical,Prelude: Suite In G Minor: Le Cinquieme Livre De Pieces De Viole (1725),Ralph Rousseau Meulenbroeks
92.mp3,Classical,Sonata Seconda A Tre - Due Violini E Viola Da Brazzo,Richard Savino
93.mp3,Classical,To Malvina,Richard Savino
94.mp3,Classical,La Maltese (Mauritio Cazzati),Altri Stromenti
95.mp3,Classical,Concerto No. 1 in G major Op. 26 for Organ - Allegro,Musica Franca
96.mp3,Classical,Sonata in G major - Allegro (Juliane Reichardt),Seth Carlin
97.mp3,Classical,Liszt Variations On A Theme By Bach 'Weinen Klagen',Ivan Ilic
98.mp3,Classical,La Moneverda (Tarquinio Merula),Altri Stromenti
99.mp3,Classical,Triosonate fur Flute Violine und Basso - Dolce (Telemann),Telemann Trio Berlin
1.mp3,Electronic,Abstract Power Remix (by DiViD),Mantic
10.mp3,Electronic,Murder Machine,Saros
100.mp3,Electronic,Shura Remix (Deadpan Escapement vinyl only release),Mantic
11.mp3,Electronic,Skunk Werks,Mantic
12.mp3,Electronic,moments of clarity,Joram
13.mp3,Electronic,7 Nine Skank,Burning Babylon
14.mp3,Electronic,Spear Burn,Mantic
15.mp3,Electronic,Roots Fi Cool,Burning Babylon
16.mp3,Electronic,Starbase Lounge Music,Mantic
17.mp3,Electronic,Introduction,Kourosh Dini
18.mp3,Electronic,Distant Activity,Adam Fielding
19.mp3,Electronic,grey mirrors part 1,the glimmer room
2.mp3,Electronic,Sproing-A-Dub,Burning Babylon
20.mp3,Electronic,Revolver (Featuring Canola Tenderfoot),Kalabi
21.mp3,Electronic,Viva La Revolucion,Shiva in Exile
22.mp3,Electronic,Electro Kinetic,Mantic
23.mp3,Electronic,Talk Box,Mantic
24.mp3,Electronic,Blue Line,AntiGuru
25.mp3,Electronic,trioxidation,Bjorn Fogelberg
26.mp3,Electronic,Hans Christian : Desperado,DJ Cary
27.mp3,Electronic,Ruff and Tumble (Mr Epic),DJ Cary
28.mp3,Electronic,Sunset (Endless Night Journey remix),DJ Markitos
29.mp3,Electronic,Interplanetary Travel,DJ Markitos
3.mp3,Electronic,Dominus Illuminato Mea,The Headroom Project
30.mp3,Electronic,Sunset (138 BPM Remix),DJ Markitos
31.mp3,Electronic,Manteia,DJ Markitos
32.mp3,Electronic,Summer Night Heaven,Domased
33.mp3,Electronic,Bad Dreams,Domased
34.mp3,Electronic,He Is Leaving Us,Domased
35.mp3,Electronic,Meditation,Domased
36.mp3,Electronic,Terminus,The Rapture
37.mp3,Electronic,Opening yet closing,Etherine
38.mp3,Electronic,Lost,Etherine
39.mp3,Electronic,BeatKnick,Glen Bledsoe
4.mp3,Electronic,Beneath the Skin,Jerry Berlongieri
40.mp3,Electronic,Vernal Equinox,Glen Bledsoe
41.mp3,Electronic,Delirious,Human Response
42.mp3,Electronic,Survival,Human Response
43.mp3,Electronic,Knucklehead,iNTROSPEKT
44.mp3,Electronic,Sartinal I,Ivilion
45.mp3,Electronic,Ferrilotyr,Ivilion
46.mp3,Electronic,Deep House,Mantic
47.mp3,Electronic,Spirit Walker,Kenji Williams
48.mp3,Electronic,Mr Gelatine: Unknown Quantity,Magnatune Compilation
49.mp3,Electronic,Where the Earth Is,The Rapture
5.mp3,Electronic,Eye Heart Knot,General Fuzz
50.mp3,Electronic,Memories of Tomorrow,Memories of Tomorrow
51.mp3,Electronic,Click Here,Mijo
52.mp3,Electronic,Down Low,mr Epic
53.mp3,Electronic,ting,Mr Gelatine
54.mp3,Electronic,Plethora,MRDC
55.mp3,Electronic,Mad bull,Processor
56.mp3,Electronic,Insomnia,Processor
57.mp3,Electronic,A Signal from Mars,Professor Armchair
58.mp3,Electronic,Futurengine,Psychetropic
59.mp3,Electronic,Eventide,Saros
6.mp3,Electronic,Blue-tinted Sunglasses,Mantic
60.mp3,Electronic,Odysseia,Shiva in Exile
61.mp3,Electronic,Solitude (Khlas 6-8),Solace
62.mp3,Electronic,Ping Heng,Solace
63.mp3,Electronic,Saalik,Solace
64.mp3,Electronic,Beledi  4:4,Solace
65.mp3,Electronic,Darban Jooth Na Boley (The Mirror Never Lies),Solace
66.mp3,Electronic,Rebirth,Solace
67.mp3,Electronic,Paradise lost,Solace
68.mp3,Electronic,Kushee Maanao-Aural Mix,Solace
69.mp3,Electronic,Sunlight,Solar Cycle
7.mp3,Electronic,Electro Jive,Mantic
70.mp3,Electronic,From Here to There,Stargarden
71.mp3,Electronic,Dezert,Strojovna 07
72.mp3,Electronic,Zabudni na to,Strojovna 07
73.mp3,Electronic,Lighting fly,Strojovna 07
74.mp3,Electronic,Ambi Crack,Strojovna 07
75.mp3,Electronic,Untitled,Strojovna 07
76.mp3,Electronic,Push,The Bots
77.mp3,Electronic,African Dance,The Headroom Project
78.mp3,Electronic,Monkey Party,The Headroom Project
79.mp3,Electronic,Double trust,Version
8.mp3,Electronic,House Of Tomorrow,Twilight Archive
80.mp3,Electronic,Buy my pullovers,Wicked boy
81.mp3,Electronic,Wind Barber,Zilla
82.mp3,Electronic,Other Self,Kenji Williams
83.mp3,Electronic,Illusion (Bedrock mix),Kenji Williams
84.mp3,Electronic,Never Look Away,Kenji Williams
85.mp3,Electronic,Death and rain,Kenji Williams
86.mp3,Electronic,2k1,Kenji Williams
87.mp3,Electronic,Tokyo Story,Kenji Williams
88.mp3,Electronic,Free Energy,Kenji Williams
89.mp3,Electronic,Soul Captain,Kenji Williams
9.mp3,Electronic,Known Bugs,Jerry Berlongieri
90.mp3,Electronic,Flare,Solar Cycle
91.mp3,Electronic,Cafe del Soul,Solar Cycle
92.mp3,Electronic,Vibes of Comfort,Solar Cycle
93.mp3,Electronic,Devil in Love,Solar Cycle
94.mp3,Electronic,Flying,Solar Cycle
95.mp3,Electronic,Easter,Solar Cycle
96.mp3,Electronic,Frequencies,Solar Cycle
97.mp3,Electronic,Night to Remember,Solar Cycle
98.mp3,Electronic,Smooth Guitar,Solar Cycle
99.mp3,Electronic,Viento,Solar Cycle
1.mp3,Pop,Beyond Late,Brad Senne
10.mp3,Pop,A Moment too Soon,Hazelmain
100.mp3,Pop,The One That Got Away,Norine Braun
11.mp3,Pop,Fountain of Life (Lean On It Mix) - DJ Anser,Artemis
12.mp3,Pop,Invisible City,Beight
13.mp3,Pop,File in Rhythm,Beight
14.mp3,Pop,You are the reason,C Layne
15.mp3,Pop,Ghostly Feeling,Beight
16.mp3,Pop,Fly Free,Curl
17.mp3,Pop,Calm (Ammonite),DJ Cary
18.mp3,Pop,Call me Snake (Dr Kuch),DJ Cary
19.mp3,Pop,Destiny Trip,Falling You
2.mp3,Pop,To Climb,Michael Joy
20.mp3,Pop,something about eve,Falling You
21.mp3,Pop,Mercurial Girl,Five Star Fall
22.mp3,Pop,Brilliant Day (Chronic Mix),Four Stones
23.mp3,Pop,Till My Cup Runs Over,Four Stones
24.mp3,Pop,Fire,John Jackson
25.mp3,Pop,Brilliant Day,Lisa DeBenedictis
26.mp3,Pop,Below-DU-remix by deutscheunschuld,Lisa DeBenedictis
27.mp3,Pop,Tigers,Lisa DeBenedictis
28.mp3,Pop,Shining Star Games (Az Egan Csillag Lenni) - Fourstones,Magnatune Remixed
29.mp3,Pop,Pais oceano (Ocean Country),Anamar
3.mp3,Pop,Salem,Norine Braun
30.mp3,Pop,Sooner or Later,Hazelmain
31.mp3,Pop,Fountain Street,Mercy Machine
32.mp3,Pop,Bastard,Mercy Machine
33.mp3,Pop,30 Years,Mercy Machine
34.mp3,Pop,The lonely minstrel part 1 (edited version),Minstrel Spirit
35.mp3,Pop,Frontliner Blues,Norine Braun
36.mp3,Pop,Modern Anguish,Norine Braun
37.mp3,Pop,Jade,Norine Braun
38.mp3,Pop,The River,Plunkett
39.mp3,Pop,Laying Down Lounge,Four Stones
4.mp3,Pop,Persephone,Norine Braun
40.mp3,Pop,Excerpt From Alice,Self Delusion
41.mp3,Pop,Give Me a Perfect World,Sun Palace
42.mp3,Pop,Into Heaven,Sun Palace
43.mp3,Pop,Impressions,The Kokoon
44.mp3,Pop,Calling,The Kokoon
45.mp3,Pop,Nocturne,The West Exit
46.mp3,Pop,Enertia,TranceVision
47.mp3,Pop,2 percent er,Williamson
48.mp3,Pop,Moonrise,Yongen
49.mp3,Pop,Rise,Yongen
5.mp3,Pop,Sanctuary,Shane Jackman
50.mp3,Pop,River of Light,Michael Joy
51.mp3,Pop,Between The Lies,Michael Joy
52.mp3,Pop,Slipping into Violet,Norine Braun
53.mp3,Pop,Wounded Little Bird,Norine Braun
54.mp3,Pop,rubber,Williamson
55.mp3,Pop,There Once Was A Time,Sun Palace
56.mp3,Pop,The Collider,C Layne
57.mp3,Pop,Round and Round,Sun Palace
58.mp3,Pop,Unemotional,Self Delusion
59.mp3,Pop,Give Me Love,Norine Braun
6.mp3,Pop,Fifteen Minutes,John Jackson
60.mp3,Pop,Charming Gun (Vibe Me Mix) - Nautilis,Artemis
61.mp3,Pop,Changing Sky,Artemis
62.mp3,Pop,Parallels,Beight
63.mp3,Pop,Up A Hill,Plunkett
64.mp3,Pop,Just My Luck,C Layne
65.mp3,Pop,Now and Zen,Norine Braun
66.mp3,Pop,Give Me Love,Norine Braun
67.mp3,Pop,My Joan Of Arc,Mercy Machine
68.mp3,Pop,Night Flight Over Water,Michael Joy
69.mp3,Pop,Brilliant Daze (Days Are Confused Mix) - Pat Chilla,Magnatune Remixed
7.mp3,Pop,Drink the Night,Hazelmain
70.mp3,Pop,Below,Lisa DeBenedictis
71.mp3,Pop,What Planet Are We On,Five Star Fall
72.mp3,Pop,Planet You,Lisa DeBenedictis
73.mp3,Pop,Wounded Little Bird,Norine Braun
74.mp3,Pop,In The Middle,Beight
75.mp3,Pop,Clean For Free,Arthur Yoria
76.mp3,Pop,Home to You,Hazelmain
77.mp3,Pop,Fill Me Up,Beight
78.mp3,Pop,Handshake Smiles,Arthur Yoria
79.mp3,Pop,No More,Norine Braun
8.mp3,Pop,The Alkonost,C Layne
80.mp3,Pop,Better Days,Hazelmain
81.mp3,Pop,Jimmy's Rig,Arthur Yoria
82.mp3,Pop,Don't Do Me No Harm,Beight
83.mp3,Pop,Say you Will,Hazelmain
84.mp3,Pop,Fools,Norine Braun
85.mp3,Pop,Love Song in G,Arthur Yoria
86.mp3,Pop,Ovelha negra (Black sheep),Anamar
87.mp3,Pop,Get What You Want?,Beight
88.mp3,Pop,O Pobre (The Pauper),Anamar
89.mp3,Pop,One Breath,Norine Braun
9.mp3,Pop,A Warning to Giants,Falling You
90.mp3,Pop,Cuttin a Rug,Arthur Yoria
91.mp3,Pop,Superhero Song,Beight
92.mp3,Pop,Lillas,Hazelmain
93.mp3,Pop,Without Warning,Beight
94.mp3,Pop,Cruel Streak,Norine Braun
95.mp3,Pop,Sandy,Arthur Yoria
96.mp3,Pop,Another Reason,Hazelmain
97.mp3,Pop,Devil's Daughter,Norine Braun
98.mp3,Pop,I Told You Not to Write Again,Arthur Yoria
99.mp3,Pop,Junior High Smiles,Beight
1.mp3,Rock,Young Again,Greg Annussek
10.mp3,Rock,The Soul,Broken Poets
100.mp3,Rock,Mr. Myers,Greg Annussek
11.mp3,Rock,The Spirit,Big Bad Sun
12.mp3,Rock,Dopamine,MRDC
13.mp3,Rock,Alone with Nothing,Brad Senne
14.mp3,Rock,Memories,Shawn Harris
15.mp3,Rock,Talk,The Union Trade
16.mp3,Rock,Sweet Melissa,Big Bad Sun
17.mp3,Rock,Into the Moon,Brad Senne
18.mp3,Rock,Moonsong,Shane Jackman
19.mp3,Rock,Of the Lovely,Arthur Yoria
2.mp3,Rock,What I did on my summer vacation,Shane Jackman
20.mp3,Rock,Suerte Mijo,Arthur Yoria
21.mp3,Rock,Factory Head,Broken Poets
22.mp3,Rock,Long Time Wondering,Big Bad Sun
23.mp3,Rock,Don't rain on my parade,Barbara Leoni
24.mp3,Rock,Happy Blues,Burnshee Thornside
25.mp3,Rock,Bad Bad Luck,Burnshee Thornside
26.mp3,Rock,Can I be a star:,Burnshee Thornside
27.mp3,Rock,There You Were,Grayson Wray
28.mp3,Rock,Before you know it,Tom Paul
29.mp3,Rock,Santa Rosa Shuffle,Seismic Anamoly
3.mp3,Rock,Demons,Barbara Leoni
30.mp3,Rock,Timeagain,hands upon black earth
31.mp3,Rock,Squalid Rooms,Hybris
32.mp3,Rock,Rock This Moon,Burnshee Thornside
33.mp3,Rock,You Knew It Well,Jeffrey Luck Lucas
34.mp3,Rock,Me,Lizzi
35.mp3,Rock,Lunar Ecstasy,Mountain Mirrors
36.mp3,Rock,Look And Feel Years Younger,Brad Sucks
37.mp3,Rock,Rocket City Riot: Down with Her,Magnatune Compilation
38.mp3,Rock,Fluid - Headphones,Magnatune Compilation
39.mp3,Rock,Kings of the Desert,Mandrake Root
4.mp3,Rock,When I Cross The River,Tom Bolton
40.mp3,Rock,Encima de Ti,Arthur Yoria
41.mp3,Rock,A Short Burst of Clarity,Mountain Mirrors
42.mp3,Rock,Stay Evil,Mountain Mirrors
43.mp3,Rock,Lust,MRDC
44.mp3,Rock,Juego,Mutandina
45.mp3,Rock,Gold and rose,Myles Cochran
46.mp3,Rock,Just Like You,Arthur Yoria
47.mp3,Rock,Certain Death,Brad Sucks
48.mp3,Rock,Try it Like This,William Brooks
49.mp3,Rock,Caroline to Maine,Brad Senne
5.mp3,Rock,Birds in a Rat Race (Mountain Mirrors),DJ Cary
50.mp3,Rock,New Orleans,Spinecar
51.mp3,Rock,Permanent,Arthur Yoria
52.mp3,Rock,Fateful Kind Of Rage,Hybris
53.mp3,Rock,Ole Soledad,William Brooks
54.mp3,Rock,Between there and here,William Brooks
55.mp3,Rock,Crown Of Thorns,Shawn Harris
56.mp3,Rock,Come Out Baby,Big Bad Sun
57.mp3,Rock,Making Circles,The Seldon Plan
58.mp3,Rock,A Rhyming Dictionary,The Seldon Plan
59.mp3,Rock,Essence of a smile,Tom Paul
6.mp3,Rock,Shattered,Russ Hopkins
60.mp3,Rock,Jazz House,Wicked Allstars
61.mp3,Rock,Pressure,Wicked boy
62.mp3,Rock,The Gift,William Brooks
63.mp3,Rock,Karma Dogs,William Brooks
64.mp3,Rock,Grace,William Brooks
65.mp3,Rock,Do You Think He Knows:,William Brooks
66.mp3,Rock,Karma Dogs:,William Brooks
67.mp3,Rock,Silent Wings,William Brooks
68.mp3,Rock,Brad Sucks - I Think I Started a Trend,Magnatune Compilation
69.mp3,Rock,Rocket City Riot: Hypodermic,Magnatune Compilation
7.mp3,Rock,Texas Sky,Val Davis
70.mp3,Rock,Hideaway,William Brooks
71.mp3,Rock,Underside,Lie Big
72.mp3,Rock,Long Way Down,Greg Annussek
73.mp3,Rock,World,William Brooks
74.mp3,Rock,In Your Place,Immune
75.mp3,Rock,Long Way Down,Greg Annussek
76.mp3,Rock,Hideaway,William Brooks
77.mp3,Rock,Another time,Barbara Leoni
78.mp3,Rock,Uncommon eloquence,Shane Jackman
79.mp3,Rock,Land of Lincoln,William Brooks
8.mp3,Rock,Self Possession,The Union Trade
80.mp3,Rock,You Bow Down,Greg Annussek
81.mp3,Rock,Waterfall,Barbara Leoni
82.mp3,Rock,The angle of repose,Shane Jackman
83.mp3,Rock,Set fire to the city,Shane Jackman
84.mp3,Rock,I have a mind,William Brooks
85.mp3,Rock,In the Movies,Greg Annussek
86.mp3,Rock,Human needs,Barbara Leoni
87.mp3,Rock,Walk among the bones,Shane Jackman
88.mp3,Rock,You barely see me,William Brooks
89.mp3,Rock,Haunted,Barbara Leoni
9.mp3,Rock,Dropping out of School,Brad Sucks
90.mp3,Rock,Didn't You Know?,Greg Annussek
91.mp3,Rock,Didn't I,Shane Jackman
92.mp3,Rock,Driftwood fire,Shane Jackman
93.mp3,Rock,My heart still beats,Shane Jackman
94.mp3,Rock,Sunday Again,Greg Annussek
95.mp3,Rock,Cornflakes for supper,Shane Jackman
96.mp3,Rock,Maybe Meagan,William Brooks
97.mp3,Rock,Ring around the rosey,Barbara Leoni
98.mp3,Rock,He Should Love Her,Greg Annussek
99.mp3,Rock,Justified,William Brooks